Title,Source
"5 remèdes naturels contre le mal de dos validés par la science","Test"
"Comment j'ai perdu 15kg en 3 mois sans régime drastique","Test"
"Cette crème à 10€ fait disparaître les rides en 7 jours","Test"
"La nouvelle tendance qui révolutionne le monde du travail","Test"
"Top 10 des plus belles plages secrètes de Bretagne","Test"
"Ma routine matinale qui a changé ma vie en 5 minutes","Test"
"Exposition Monet : les secrets cachés enfin révélés","Test"
"3 techniques approuvées par les psychologues contre l'anxiété","Test"
"Retraite : cette astuce peut doubler votre pension","Test"
"Le classement 2024 des voitures électriques les plus fiables","Test"
"Bitcoin : faut-il investir maintenant selon les experts","Test"
"Recette : gratin dauphinois express prêt en 20 minutes","Test"
